grade,param,est,ci_lower,ci_upper
11,i_mean,0.00632080662727735,-0.0153637024172858,0.0284955155154639
11,s_mean,0.0280541645668511,0.0169022226116115,0.0389264667727941
11,i_var,0.425267052890364,,
11,s_var,0.0351616998730274,,
