grade,param,est,ci_lower,ci_upper
10,i_mean,0.0220352358068136,0.000601595180195855,0.0440030222290527
10,s_mean,0.0146338848892608,0.00426838194567938,0.0233457356958139
10,i_var,0.32945463932699,,
10,s_var,0.0218195274356508,,
