grade,param,est,ci_lower,ci_upper
12,i_mean,0.038219273962539,0.0206459936095171,0.0572638666272869
12,s_mean,0.00576400210767406,-0.00201339293348137,0.0131947642166707
12,i_var,0.465891934900388,,
12,s_var,0.0156926434548532,,
