grade,param,est,se
10,intercept_fixed,-0.0612619016196744,0.00959947348413708
10,slope_fixed,0.00324286958939812,0.00229558593695249
10,intercept_var,0.358901552374647,
10,slope_var,0.00382678393511733,
10,intercept_slope_cov,-0.00734942414930367,
10,residual_var,2.23229427949532,
