grade,param,est,se
12,intercept_fixed,-0.0677658586857137,0.00793704465714056
12,slope_fixed,0.000510176862337492,0.00137366181433855
12,intercept_var,0.472758624834737,
12,slope_var,0.00162274141059434,
12,intercept_slope_cov,0.00447038915887589,
12,residual_var,2.87031974386786,
