grade,param,est,se
11,intercept_fixed,-0.108679755165496,0.0106150545419872
11,slope_fixed,0.00889526870919033,0.00319543129688988
11,intercept_var,0.450024946137041,
11,slope_var,0.00508370424892579,
11,intercept_slope_cov,0.00530415790247223,
11,residual_var,2.67715697851447,
