grade,mean_se_raw,mean_se_smooth,pct_reduction,q_state_variance
10,0.499,0.387,0.412,0.44417
11,0.527,0.433,0.343,0.73396
12,0.442,0.369,0.32,0.61959
